time;tag;message
2026.01.01 00:00:00;RECOVER;init: v2.43 test_case=G5_session_london lock=0 streak=0 positions=0 equity=10000.00 day_eq=10000.00 peak_eq=10000.00
2026.01.01 00:00:00;RECOVER;symbol overrides [GBPUSD]: GBPUSD: profile_bin 0.20 -> 0.0002 (SEEDED from EURUSD, UNCONFIRMED - own campaign pending)
2026.01.02 03:00:00;VETO;signal rejected: volume: relVol 0.80 < 1.00
2026.01.02 09:45:00;VETO;signal rejected: volume: relVol 0.88 < 1.00
2026.01.02 12:30:00;VETO;signal rejected: score 0.50 < 0.55 [BOS short lvl=1.34|RelVol=1.10|VPnear|VWAPside]
2026.01.02 15:30:00;DECISION;setup LONG score=0.55 entry=1.35 inv=1.34 tgt=0.00 AWAIT-RETEST [CHoCH long lvl=1.34|RelVol=1.00|Retest@1.35|VPnode d=0.00]
2026.01.02 15:30:00;DECISION;TP capped 0.00348 -> 0.00261 (3.0xATR)
2026.01.02 15:30:00;ERROR;limit BUY 0.46 @ 1.35 sl=1.34 tp=1.35 rc=10015 [WT|CHOCH|0.55|RL]
2026.01.02 15:45:00;DECISION;TP capped 0.00412 -> 0.00309 (3.0xATR)
2026.01.02 15:45:00;ORDER;filled BUY 0.40 lots sl=1.34 tp=1.35 [WT|CHOCH|0.55]
2026.01.02 15:45:00;RISK;sizing: vol_ratio=1.14 scalar=1.00 gap_buf=0.00043 eff_stop=0.00249
2026.01.02 15:45:00;ORDER;entry fill deal #2 BUY 0.40 @ 1.34549
2026.01.02 17:06:40;MANAGE;#2 SL 1.34 -> 1.35 breakeven
2026.01.02 17:06:40;MANAGE;#2 partial close 0.20 of 0.40 lots
2026.01.02 17:06:40;RISK;deal closed pnl=42.20 streak=0 lock=0
2026.01.02 17:06:59;MANAGE;#2 SL 1.35 -> 1.35 trail
2026.01.02 17:07:40;MANAGE;#2 SL 1.35 -> 1.35 trail
2026.01.02 17:35:40;MANAGE;#2 SL 1.35 -> 1.35 trail
2026.01.02 17:36:20;MANAGE;#2 SL 1.35 -> 1.35 trail
2026.01.02 17:40:40;RISK;deal closed pnl=61.80 streak=0 lock=0
2026.01.02 23:15:00;VETO;signal rejected: volume: relVol 0.79 < 1.00
2026.01.05 01:45:00;DECISION;setup SHORT score=0.65 entry=1.34 inv=1.35 tgt=0.00 AWAIT-RETEST [CHoCH short lvl=1.34|RelVol=1.08|Retest@1.34|VPnode d=0.00|VWAPside]
2026.01.05 02:00:00;VETO;authorization denied: outside session window (server hour 02, window 07-16)
2026.01.05 02:15:00;VETO;authorization denied: outside session window (server hour 02, window 07-16)
2026.01.05 02:30:00;VETO;authorization denied: outside session window (server hour 02, window 07-16)
2026.01.05 02:45:00;VETO;authorization denied: outside session window (server hour 02, window 07-16)
2026.01.05 04:15:00;DECISION;setup SHORT score=0.65 entry=1.34 inv=1.35 tgt=0.00 [BOS short lvl=1.34|RelVol=1.22|StopFloored|VPnode d=0.00|VWAPside]
2026.01.05 04:15:00;VETO;authorization denied: outside session window (server hour 04, window 07-16)
2026.01.05 04:30:00;VETO;authorization denied: outside session window (server hour 04, window 07-16)
2026.01.05 04:45:00;VETO;authorization denied: outside session window (server hour 04, window 07-16)
2026.01.05 05:00:00;VETO;authorization denied: outside session window (server hour 05, window 07-16)
2026.01.05 12:00:00;DECISION;setup LONG score=0.65 entry=1.34 inv=1.34 tgt=0.00 AWAIT-RETEST [CHoCH long lvl=1.34|RelVol=1.19|Retest@1.34|VPnode d=0.00|VWAPside]
2026.01.05 12:00:00;DECISION;TP capped 0.00378 -> 0.00283 (3.0xATR)
2026.01.05 12:00:00;ORDER;limit BUY 0.43 @ 1.34 sl=1.34 tp=1.35 rc=10009 [WT|CHOCH|0.65|RL]
2026.01.05 12:00:00;RISK;sizing: vol_ratio=1.13 scalar=1.00 gap_buf=0.00046 eff_stop=0.00235
2026.01.05 12:04:40;ORDER;entry fill deal #5 BUY 0.43 @ 1.34407
2026.01.05 12:47:40;MANAGE;#5 SL 1.34 -> 1.34 breakeven
2026.01.05 12:47:40;MANAGE;#5 partial close 0.21 of 0.43 lots
2026.01.05 12:47:40;RISK;deal closed pnl=40.74 streak=0 lock=0
2026.01.05 12:48:40;MANAGE;#5 SL 1.34 -> 1.34 trail
2026.01.05 12:49:40;MANAGE;#5 SL 1.34 -> 1.34 trail
2026.01.05 13:03:40;MANAGE;#5 SL 1.34 -> 1.34 trail
2026.01.05 13:17:40;MANAGE;#5 SL 1.34 -> 1.34 trail
2026.01.05 13:20:40;RISK;deal closed pnl=62.26 streak=0 lock=0
2026.01.05 16:00:00;VETO;outlier bar masked, z=6.4
2026.01.05 17:15:00;DECISION;setup LONG score=0.60 entry=1.35 inv=1.34 tgt=0.00 [BOS long lvl=1.35|RelVol=1.23|VWAPside|CycleTurn w=0.76<--0.12]
2026.01.05 17:15:00;VETO;authorization denied: outside session window (server hour 17, window 07-16)
2026.01.05 17:30:00;VETO;authorization denied: outside session window (server hour 17, window 07-16)
2026.01.05 17:45:00;VETO;authorization denied: outside session window (server hour 17, window 07-16)
2026.01.05 18:00:00;VETO;authorization denied: outside session window (server hour 18, window 07-16)
2026.01.05 21:00:00;VETO;signal rejected: score 0.50 < 0.55 [BOS long lvl=1.35|RelVol=1.11|VWAPside|ADX=72]
2026.01.06 01:30:00;VETO;signal rejected: volume: relVol 0.65 < 1.00
2026.01.06 03:45:00;VETO;signal rejected: volume: relVol 0.96 < 1.00
2026.01.06 11:30:00;DECISION;setup SHORT score=0.65 entry=1.35 inv=1.36 tgt=0.00 AWAIT-RETEST [CHoCH short lvl=1.35|RelVol=1.32|Retest@1.35|VPnode d=0.00|VWAPside]
2026.01.06 11:30:00;DECISION;TP capped 0.00451 -> 0.00338 (3.0xATR)
2026.01.06 11:30:00;ERROR;limit SELL 0.37 @ 1.35 sl=1.36 tp=1.35 rc=10015 [WT|CHOCH|0.65|RL]
2026.01.06 11:45:00;DECISION;TP capped 0.00500 -> 0.00375 (3.0xATR)
2026.01.06 11:45:00;ORDER;filled SELL 0.34 lots sl=1.36 tp=1.35 [WT|CHOCH|0.65]
2026.01.06 11:45:00;RISK;sizing: vol_ratio=1.21 scalar=1.00 gap_buf=0.00047 eff_stop=0.00297
2026.01.06 11:45:00;ORDER;entry fill deal #8 SELL 0.34 @ 1.35419
2026.01.06 14:41:40;MANAGE;#8 SL 1.36 -> 1.35 breakeven
2026.01.06 14:41:40;MANAGE;#8 partial close 0.17 of 0.34 lots
2026.01.06 14:41:40;RISK;deal closed pnl=44.54 streak=0 lock=0
2026.01.06 14:41:59;MANAGE;#8 SL 1.35 -> 1.35 trail
2026.01.06 14:42:40;MANAGE;#8 SL 1.35 -> 1.35 trail
2026.01.06 14:49:40;MANAGE;#8 SL 1.35 -> 1.35 trail
2026.01.06 14:53:40;MANAGE;#8 SL 1.35 -> 1.35 trail
2026.01.06 14:55:40;MANAGE;#8 SL 1.35 -> 1.35 trail
2026.01.06 15:04:40;MANAGE;#8 SL 1.35 -> 1.35 trail
2026.01.06 15:37:20;RISK;deal closed pnl=30.60 streak=0 lock=0
2026.01.06 17:30:00;DECISION;setup SHORT score=0.60 entry=1.35 inv=1.35 tgt=0.00 [BOS short lvl=1.35|RelVol=1.19|VWAPside|CycleTurn w=0.85<-1.00]
2026.01.06 17:30:00;VETO;authorization denied: outside session window (server hour 17, window 07-16)
2026.01.06 17:45:00;VETO;authorization denied: outside session window (server hour 17, window 07-16)
2026.01.06 18:00:00;VETO;authorization denied: outside session window (server hour 18, window 07-16)
2026.01.06 18:15:00;VETO;authorization denied: outside session window (server hour 18, window 07-16)
2026.01.07 01:30:00;VETO;signal rejected: volume: relVol 0.47 < 1.00
2026.01.07 03:45:00;DECISION;setup LONG score=0.65 entry=1.35 inv=1.35 tgt=0.00 AWAIT-RETEST [BOS long lvl=1.35|RelVol=1.17|Retest@1.35|VPnode d=0.00|VWAPside]
2026.01.07 05:45:00;DECISION;setup LONG score=0.60 entry=1.35 inv=1.35 tgt=0.00 [BOS long lvl=1.35|RelVol=1.19|VPnear|VWAPside|ADX=36]
2026.01.07 05:45:00;VETO;authorization denied: outside session window (server hour 05, window 07-16)
2026.01.07 06:00:00;VETO;authorization denied: outside session window (server hour 06, window 07-16)
2026.01.07 06:15:00;VETO;authorization denied: outside session window (server hour 06, window 07-16)
2026.01.07 06:30:00;VETO;authorization denied: outside session window (server hour 06, window 07-16)
2026.01.07 09:30:00;DECISION;setup SHORT score=0.65 entry=1.35 inv=1.35 tgt=0.00 AWAIT-RETEST [CHoCH short lvl=1.35|RelVol=1.10|Retest@1.35|VPnode d=0.00|VWAPside]
2026.01.07 09:30:00;DECISION;TP capped 0.00316 -> 0.00237 (3.0xATR)
2026.01.07 09:30:00;ERROR;limit SELL 0.54 @ 1.35 sl=1.35 tp=1.35 rc=10015 [WT|CHOCH|0.65|RL]
2026.01.07 09:45:00;DECISION;TP capped 0.00330 -> 0.00247 (3.0xATR)
2026.01.07 09:45:00;ORDER;filled SELL 0.52 lots sl=1.35 tp=1.35 [WT|CHOCH|0.65]
2026.01.07 09:45:00;RISK;sizing: vol_ratio=0.85 scalar=1.00 gap_buf=0.00031 eff_stop=0.00196
2026.01.07 09:45:00;ORDER;entry fill deal #11 SELL 0.52 @ 1.35003
2026.01.07 12:15:00;DECISION;setup LONG score=0.75 entry=1.35 inv=1.35 tgt=0.00 AWAIT-RETEST [CHoCH long lvl=1.35|RelVol=1.01|Retest@1.35|VPnode d=0.00|CycleTurn w=-0.69<--0.90]
2026.01.07 12:15:00;VETO;retest limit risk veto: max positions
2026.01.07 12:30:00;DECISION;TP capped 0.00292 -> 0.00241 (3.0xATR)
2026.01.07 12:30:00;VETO;risk veto: max positions
2026.01.07 14:15:00;DECISION;setup SHORT score=0.85 entry=1.35 inv=1.35 tgt=0.00 AWAIT-RETEST [CHoCH short lvl=1.35|RelVol=1.05|Retest@1.35|VPnode d=0.00|VWAPside|CycleTurn w=0.98<-1.00]
2026.01.07 14:15:00;VETO;retest limit risk veto: max positions
2026.01.07 14:30:00;DECISION;TP capped 0.00352 -> 0.00264 (3.0xATR)
2026.01.07 14:30:00;VETO;risk veto: max positions
2026.01.07 15:14:40;MANAGE;#11 SL 1.35 -> 1.35 breakeven
2026.01.07 15:14:40;MANAGE;#11 partial close 0.26 of 0.52 lots
2026.01.07 15:14:40;RISK;deal closed pnl=48.10 streak=0 lock=0
2026.01.07 15:14:59;MANAGE;#11 SL 1.35 -> 1.35 trail
2026.01.07 15:41:40;RISK;deal closed pnl=7.80 streak=0 lock=0
2026.01.07 17:00:00;DECISION;setup LONG score=0.65 entry=1.35 inv=1.35 tgt=0.00 AWAIT-RETEST [CHoCH long lvl=1.35|RelVol=1.15|Retest@1.35|VPnode d=0.00|VWAPside]
2026.01.07 17:15:00;VETO;outlier bar masked, z=4.1
2026.01.07 17:30:00;VETO;authorization denied: outside session window (server hour 17, window 07-16)
2026.01.07 17:45:00;VETO;authorization denied: outside session window (server hour 17, window 07-16)
2026.01.07 18:00:00;VETO;outlier bar masked, z=4.3
2026.01.07 21:15:00;VETO;signal rejected: score 0.40 < 0.55 [BOS short lvl=1.35|RelVol=1.07|VWAPside]
2026.01.07 23:30:00;VETO;signal rejected: score 0.40 < 0.55 [BOS short lvl=1.35|RelVol=1.36|VWAPside]
2026.01.08 03:45:00;VETO;signal rejected: volume: relVol 0.97 < 1.00
2026.01.08 05:30:00;DECISION;setup LONG score=0.65 entry=1.35 inv=1.35 tgt=0.00 AWAIT-RETEST [CHoCH long lvl=1.35|RelVol=1.20|Retest@1.35|VPnode d=0.00|VWAPside]
2026.01.08 05:45:00;VETO;authorization denied: outside session window (server hour 05, window 07-16)
2026.01.08 06:00:00;VETO;authorization denied: outside session window (server hour 06, window 07-16)
2026.01.08 06:15:00;VETO;authorization denied: outside session window (server hour 06, window 07-16)
2026.01.08 06:30:00;VETO;authorization denied: outside session window (server hour 06, window 07-16)
2026.01.08 10:00:00;VETO;signal rejected: score 0.50 < 0.55 [CHoCH short lvl=1.35|RelVol=1.08|Retest@1.34|VPnear|VWAPside]
2026.01.08 13:00:00;VETO;signal rejected: volume: relVol 0.92 < 1.00
2026.01.08 15:45:00;VETO;signal rejected: volume: relVol 0.90 < 1.00
2026.01.08 16:00:00;VETO;outlier bar masked, z=4.1
2026.01.08 21:00:00;VETO;signal rejected: volume: relVol 0.91 < 1.00
2026.01.08 23:45:00;DECISION;setup LONG score=0.55 entry=1.34 inv=1.34 tgt=0.00 AWAIT-RETEST [CHoCH long lvl=1.34|RelVol=1.21|Retest@1.34|VPnode d=0.00]
2026.01.09 00:01:00;VETO;authorization denied: outside session window (server hour 00, window 07-16)
2026.01.09 00:15:00;VETO;outlier bar masked, z=4.3
2026.01.09 00:30:00;VETO;authorization denied: outside session window (server hour 00, window 07-16)
2026.01.09 00:45:00;VETO;authorization denied: outside session window (server hour 00, window 07-16)
2026.01.09 01:00:00;VETO;authorization denied: outside session window (server hour 01, window 07-16)
2026.01.09 05:15:00;DECISION;setup LONG score=0.85 entry=1.34 inv=1.34 tgt=0.00 [BOS long lvl=1.34|RelVol=1.13|VPnode d=0.00|VWAPside|CycleTurn w=-0.68<--0.93]
2026.01.09 05:15:00;VETO;authorization denied: outside session window (server hour 05, window 07-16)
2026.01.09 05:30:00;VETO;authorization denied: outside session window (server hour 05, window 07-16)
2026.01.09 05:45:00;VETO;authorization denied: outside session window (server hour 05, window 07-16)
2026.01.09 06:00:00;VETO;authorization denied: outside session window (server hour 06, window 07-16)
2026.01.09 07:45:00;DECISION;setup SHORT score=0.85 entry=1.34 inv=1.34 tgt=0.00 AWAIT-RETEST [CHoCH short lvl=1.34|RelVol=1.17|Retest@1.34|VPnode d=0.00|VWAPside|CycleTurn w=0.87<-1.00]
2026.01.09 07:45:00;DECISION;TP capped 0.00163 -> 0.00127 (3.0xATR)
2026.01.09 07:45:00;ORDER;limit SELL 1.00 @ 1.34 sl=1.34 tp=1.34 rc=10009 [WT|CHOCH|0.85|RL]
2026.01.09 07:45:00;RISK;sizing: vol_ratio=0.66 scalar=1.00 gap_buf=0.00021 eff_stop=0.00103
2026.01.09 07:45:20;ORDER;entry fill deal #14 SELL 1.00 @ 1.34299
2026.01.09 09:14:40;MANAGE;#14 SL 1.34 -> 1.34 breakeven
2026.01.09 09:14:40;MANAGE;#14 partial close 0.50 of 1.00 lots
2026.01.09 09:14:40;RISK;deal closed pnl=53.50 streak=0 lock=0
2026.01.09 09:14:59;MANAGE;#14 SL 1.34 -> 1.34 trail
2026.01.09 09:15:00;VETO;signal rejected: score 0.50 < 0.55 [BOS short lvl=1.34|RelVol=1.04|Retest@1.34|VPnear|VWAPside]
2026.01.09 09:20:40;RISK;deal closed pnl=63.00 streak=0 lock=0
2026.01.09 11:30:00;VETO;signal rejected: score 0.40 < 0.55 [BOS short lvl=1.34|RelVol=1.12|VWAPside]
2026.01.09 15:00:00;DECISION;setup LONG score=0.55 entry=1.34 inv=1.34 tgt=0.00 AWAIT-RETEST [CHoCH long lvl=1.34|RelVol=1.14|Retest@1.34|VPnode d=0.00]
2026.01.09 15:00:00;DECISION;TP capped 0.00243 -> 0.00183 (3.0xATR)
2026.01.09 15:00:00;ORDER;limit BUY 0.69 @ 1.34 sl=1.34 tp=1.34 rc=10009 [WT|CHOCH|0.55|RL]
2026.01.09 15:00:00;RISK;sizing: vol_ratio=0.92 scalar=1.00 gap_buf=0.00029 eff_stop=0.00151
2026.01.09 15:30:40;ORDER;entry fill deal #17 BUY 0.69 @ 1.34159
2026.01.09 15:32:40;RISK;deal closed pnl=125.58 streak=0 lock=0
2026.01.09 15:45:00;VETO;outlier bar masked, z=19.3
2026.01.09 16:00:00;VETO;outlier bar masked, z=4.4
2026.01.09 16:15:00;VETO;outlier bar masked, z=7.5
2026.01.09 16:30:00;VETO;outlier bar masked, z=3.5
2026.01.09 17:15:00;VETO;outlier bar masked, z=6.8
2026.01.09 17:30:00;VETO;outlier bar masked, z=4.5
2026.01.12 00:01:00;VETO;signal rejected: volume: relVol 0.84 < 1.00
2026.01.12 02:15:00;VETO;outlier bar masked, z=6.8
2026.01.12 02:45:00;VETO;outlier bar masked, z=5.5
2026.01.12 09:15:00;VETO;signal rejected: volume: relVol 0.90 < 1.00
2026.01.12 10:15:00;VETO;outlier bar masked, z=4.0
2026.01.12 13:00:00;DECISION;setup LONG score=0.75 entry=1.35 inv=1.34 tgt=0.00 [BOS long lvl=1.35|RelVol=1.17|VPnode d=0.00|VWAPside|ADX=32]
2026.01.12 13:00:00;DECISION;TP capped 0.01094 -> 0.00820 (3.0xATR)
2026.01.12 13:00:00;ORDER;filled BUY 0.17 lots sl=1.34 tp=1.36 [WT|BOS|0.75]
2026.01.12 13:00:00;RISK;sizing: vol_ratio=1.18 scalar=1.00 gap_buf=0.00049 eff_stop=0.00596
2026.01.12 13:00:00;ORDER;entry fill deal #19 BUY 0.17 @ 1.34713
2026.01.12 15:15:00;VETO;outlier bar masked, z=4.0
2026.01.12 19:30:00;VETO;signal rejected: score 0.40 < 0.55 [CHoCH short lvl=1.35|RelVol=1.37|Retest@1.35|VPnear]
2026.01.13 00:15:00;VETO;signal rejected: volume: relVol 0.29 < 1.00
2026.01.13 03:00:00;DECISION;setup LONG score=0.65 entry=1.35 inv=1.35 tgt=0.00 AWAIT-RETEST [CHoCH long lvl=1.35|RelVol=1.07|Retest@1.35|VPnode d=0.00|VWAPside]
2026.01.13 03:30:00;VETO;authorization denied: outside session window (server hour 03, window 07-16)
2026.01.13 03:45:00;VETO;authorization denied: outside session window (server hour 03, window 07-16)
2026.01.13 04:00:00;VETO;authorization denied: outside session window (server hour 04, window 07-16)
2026.01.13 04:15:00;VETO;authorization denied: outside session window (server hour 04, window 07-16)
2026.01.13 05:30:00;DECISION;setup LONG score=0.75 entry=1.35 inv=1.35 tgt=0.00 [BOS long lvl=1.35|RelVol=1.18|VPnode d=0.00|VWAPside|ADX=31]
2026.01.13 05:30:00;VETO;authorization denied: outside session window (server hour 05, window 07-16)
2026.01.13 05:45:00;VETO;authorization denied: outside session window (server hour 05, window 07-16)
2026.01.13 06:00:00;VETO;authorization denied: outside session window (server hour 06, window 07-16)
2026.01.13 06:15:00;VETO;authorization denied: outside session window (server hour 06, window 07-16)
2026.01.13 08:15:00;DECISION;setup SHORT score=0.65 entry=1.35 inv=1.35 tgt=0.00 AWAIT-RETEST [CHoCH short lvl=1.35|RelVol=1.04|Retest@1.35|VPnode d=0.00|VWAPside]
2026.01.13 08:15:00;VETO;retest limit risk veto: max positions
2026.01.13 08:30:00;DECISION;TP capped 0.00206 -> 0.00157 (3.0xATR)
2026.01.13 08:30:00;VETO;risk veto: max positions
2026.01.13 11:00:00;VETO;signal rejected: volume: relVol 0.91 < 1.00
2026.01.13 14:45:00;DECISION;setup SHORT score=0.65 entry=1.35 inv=1.35 tgt=0.00 AWAIT-RETEST [CHoCH short lvl=1.35|RelVol=1.05|Retest@1.35|VPnode d=0.00|VWAPside]
2026.01.13 14:45:00;VETO;retest limit risk veto: max positions
2026.01.13 15:45:00;VETO;outlier bar masked, z=13.7
2026.01.13 16:45:00;VETO;outlier bar masked, z=6.1
2026.01.13 17:15:00;DECISION;setup SHORT score=0.60 entry=1.35 inv=1.35 tgt=0.00 AWAIT-RETEST [CHoCH short lvl=1.35|RelVol=1.09|Retest@1.35|VWAPside|CycleTurn w=-0.46<-0.54]
2026.01.13 18:15:00;VETO;outlier bar masked, z=5.4
2026.01.13 21:00:00;VETO;signal rejected: score 0.50 < 0.55 [CHoCH long lvl=1.34|RelVol=1.13|Retest@1.34|CycleTurn w=0.68<--0.16]
2026.01.13 23:15:00;VETO;signal rejected: volume: relVol 0.96 < 1.00
2026.01.14 03:15:00;VETO;signal rejected: volume: relVol 0.81 < 1.00
2026.01.14 04:30:00;DECISION;setup LONG score=0.65 entry=1.34 inv=1.34 tgt=0.00 AWAIT-RETEST [CHoCH long lvl=1.34|RelVol=1.17|Retest@1.34|VPnode d=0.00|VWAPside]
2026.01.14 11:00:00;DECISION;setup LONG score=0.65 entry=1.35 inv=1.34 tgt=0.00 [BOS long lvl=1.34|RelVol=1.32|VPnode d=0.00|VWAPside]
2026.01.14 11:00:00;DECISION;TP capped 0.00322 -> 0.00241 (3.0xATR)
2026.01.14 11:00:00;VETO;risk veto: max positions
2026.01.14 16:30:00;DECISION;setup LONG score=0.85 entry=1.35 inv=1.34 tgt=0.00 [BOS long lvl=1.35|RelVol=1.10|VPnode d=0.00|VWAPside|CycleTurn w=-0.88<--0.98]
2026.01.14 16:30:00;VETO;authorization denied: outside session window (server hour 16, window 07-16)
2026.01.14 16:45:00;VETO;authorization denied: outside session window (server hour 16, window 07-16)
2026.01.14 17:00:00;VETO;authorization denied: outside session window (server hour 17, window 07-16)
2026.01.14 17:15:00;VETO;authorization denied: outside session window (server hour 17, window 07-16)
2026.01.14 19:15:00;VETO;signal rejected: volume: relVol 0.94 < 1.00
2026.01.15 00:01:00;VETO;signal rejected: score 0.30 < 0.55 [CHoCH long lvl=1.34|RelVol=1.52|Retest@1.34]
2026.01.15 00:15:00;VETO;outlier bar masked, z=5.1
2026.01.15 06:00:00;DECISION;setup SHORT score=0.65 entry=1.34 inv=1.34 tgt=0.00 AWAIT-RETEST [CHoCH short lvl=1.34|RelVol=1.24|Retest@1.34|VPnode d=0.00|VWAPside]
2026.01.15 06:15:00;VETO;authorization denied: outside session window (server hour 06, window 07-16)
2026.01.15 06:30:00;VETO;authorization denied: outside session window (server hour 06, window 07-16)
2026.01.15 06:45:00;VETO;authorization denied: outside session window (server hour 06, window 07-16)
2026.01.15 07:00:00;DECISION;TP capped 0.00454 -> 0.00340 (3.0xATR)
2026.01.15 07:00:00;VETO;risk veto: max positions
2026.01.15 09:15:00;VETO;outlier bar masked, z=4.3
2026.01.15 12:45:00;DECISION;setup SHORT score=0.95 entry=1.34 inv=1.34 tgt=0.00 [BOS short lvl=1.34|RelVol=1.03|VPnode d=0.00|VWAPside|CycleTurn w=0.02<-0.82|ADX=32]
2026.01.15 12:45:00;DECISION;TP capped 0.00414 -> 0.00311 (3.0xATR)
2026.01.15 12:45:00;VETO;risk veto: max positions
2026.01.15 12:51:40;RISK;deal closed pnl=-93.15 streak=1 lock=0
2026.01.15 14:15:00;VETO;signal rejected: volume: relVol 0.83 < 1.00
2026.01.15 15:45:00;VETO;outlier bar masked, z=3.7
2026.01.15 16:45:00;VETO;outlier bar masked, z=5.3
2026.01.15 22:15:00;VETO;signal rejected: volume: relVol 0.87 < 1.00
2026.01.16 04:30:00;DECISION;setup LONG score=0.65 entry=1.34 inv=1.34 tgt=0.00 AWAIT-RETEST [CHoCH long lvl=1.34|RelVol=1.06|Retest@1.34|VPnode d=0.00|VWAPside]
2026.01.16 04:45:00;VETO;authorization denied: outside session window (server hour 04, window 07-16)
2026.01.16 05:00:00;VETO;authorization denied: outside session window (server hour 05, window 07-16)
2026.01.16 05:15:00;VETO;authorization denied: outside session window (server hour 05, window 07-16)
2026.01.16 05:30:00;VETO;authorization denied: outside session window (server hour 05, window 07-16)
2026.01.16 10:15:00;VETO;signal rejected: volume: relVol 0.81 < 1.00
2026.01.16 17:30:00;VETO;outlier bar masked, z=7.1
2026.01.16 17:45:00;VETO;outlier bar masked, z=4.3
2026.01.16 20:15:00;VETO;signal rejected: volume: relVol 0.71 < 1.00
2026.01.16 23:45:00;DECISION;setup SHORT score=0.85 entry=1.34 inv=1.34 tgt=0.00 [BOS short lvl=1.34|RelVol=1.03|VPnode d=0.00|VWAPside|CycleTurn w=0.79<-0.95]
2026.01.16 23:45:00;VETO;authorization denied: outside session window (server hour 23, window 07-16)
2026.01.19 00:01:00;VETO;authorization denied: outside session window (server hour 00, window 07-16)
2026.01.19 00:15:00;VETO;outlier bar masked, z=14.1
2026.01.19 00:30:00;VETO;outlier bar masked, z=3.5
2026.01.19 00:45:00;VETO;authorization denied: outside session window (server hour 00, window 07-16)
2026.01.19 01:00:00;VETO;authorization denied: outside session window (server hour 01, window 07-16)
2026.01.19 01:15:00;VETO;outlier bar masked, z=11.7
2026.01.19 01:45:00;VETO;outlier bar masked, z=7.9
2026.01.19 02:15:00;VETO;outlier bar masked, z=5.6
2026.01.19 02:30:00;VETO;outlier bar masked, z=4.4
2026.01.19 02:45:00;DECISION;setup LONG score=0.65 entry=1.34 inv=1.33 tgt=0.00 [BOS long lvl=1.34|RelVol=2.10|VPnode d=0.00|VWAPside]
2026.01.19 02:45:00;VETO;authorization denied: outside session window (server hour 02, window 07-16)
2026.01.19 03:00:00;VETO;authorization denied: outside session window (server hour 03, window 07-16)
2026.01.19 03:15:00;VETO;authorization denied: outside session window (server hour 03, window 07-16)
2026.01.19 03:30:00;VETO;authorization denied: outside session window (server hour 03, window 07-16)
2026.01.19 09:15:00;DECISION;setup LONG score=0.80 entry=1.34 inv=1.34 tgt=0.00 [BOS long lvl=1.34|RelVol=1.34|VPnear|VWAPside|CycleTurn w=0.78<-0.74|ADX=37]
2026.01.19 09:15:00;DECISION;TP capped 0.00332 -> 0.00249 (3.0xATR)
2026.01.19 09:15:00;ORDER;filled BUY 0.53 lots sl=1.34 tp=1.34 [WT|BOS|0.80]
2026.01.19 09:15:00;RISK;sizing: vol_ratio=0.74 scalar=1.00 gap_buf=0.00030 eff_stop=0.00196
2026.01.19 09:15:00;ORDER;entry fill deal #21 BUY 0.53 @ 1.34094
2026.01.19 09:32:40;RISK;deal closed pnl=-87.98 streak=1 lock=0
2026.01.19 09:45:00;VETO;outlier bar masked, z=4.6
2026.01.19 15:45:00;VETO;signal rejected: volume: relVol 0.51 < 1.00
2026.01.19 23:30:00;VETO;signal rejected: volume: relVol 0.30 < 1.00
2026.01.20 00:15:00;VETO;outlier bar masked, z=4.5
2026.01.20 01:00:00;VETO;outlier bar masked, z=4.4
2026.01.20 05:30:00;DECISION;setup LONG score=0.65 entry=1.34 inv=1.34 tgt=0.00 AWAIT-RETEST [CHoCH long lvl=1.34|RelVol=1.10|Retest@1.34|VPnode d=0.00|VWAPside]
2026.01.20 09:30:00;VETO;outlier bar masked, z=5.6
2026.01.20 09:45:00;VETO;outlier bar masked, z=14.0
2026.01.20 10:15:00;VETO;outlier bar masked, z=5.0
2026.01.20 10:30:00;VETO;outlier bar masked, z=4.7
2026.01.20 11:15:00;VETO;outlier bar masked, z=3.7
2026.01.20 13:15:00;VETO;outlier bar masked, z=5.5
2026.01.20 15:45:00;VETO;outlier bar masked, z=8.1
2026.01.20 18:00:00;VETO;outlier bar masked, z=3.7
2026.01.20 20:45:00;VETO;signal rejected: volume: relVol 0.86 < 1.00
2026.01.21 03:30:00;VETO;signal rejected: volume: relVol 0.98 < 1.00
2026.01.21 09:30:00;VETO;signal rejected: score 0.50 < 0.55 [BOS long lvl=1.34|RelVol=1.30|Retest@1.34|StopFloored|VPnear|VWAPside]
2026.01.21 11:15:00;VETO;signal rejected: volume: relVol 0.73 < 1.00
2026.01.21 16:45:00;VETO;outlier bar masked, z=3.7
2026.01.21 17:30:00;VETO;outlier bar masked, z=4.3
2026.01.21 19:45:00;DECISION;setup SHORT score=0.65 entry=1.34 inv=1.35 tgt=0.00 AWAIT-RETEST [CHoCH short lvl=1.34|RelVol=1.46|Retest@1.34|VPnode d=0.00|VWAPside]
2026.01.21 20:00:00;VETO;authorization denied: outside session window (server hour 20, window 07-16)
2026.01.21 20:15:00;VETO;authorization denied: outside session window (server hour 20, window 07-16)
2026.01.21 20:30:00;VETO;authorization denied: outside session window (server hour 20, window 07-16)
2026.01.21 20:45:00;VETO;authorization denied: outside session window (server hour 20, window 07-16)
2026.01.21 21:45:00;DECISION;setup SHORT score=0.65 entry=1.34 inv=1.35 tgt=0.00 [BOS short lvl=1.34|RelVol=2.62|VPnode d=0.00|VWAPside]
2026.01.21 21:45:00;VETO;authorization denied: outside session window (server hour 21, window 07-16)
2026.01.21 22:00:00;VETO;authorization denied: outside session window (server hour 22, window 07-16)
2026.01.21 22:15:00;VETO;authorization denied: outside session window (server hour 22, window 07-16)
2026.01.21 22:30:00;VETO;authorization denied: outside session window (server hour 22, window 07-16)
2026.01.22 00:30:00;DECISION;setup LONG score=0.65 entry=1.34 inv=1.34 tgt=0.00 AWAIT-RETEST [CHoCH long lvl=1.34|RelVol=1.01|Retest@1.34|VPnode d=0.00|VWAPside]
2026.01.22 00:45:00;VETO;authorization denied: outside session window (server hour 00, window 07-16)
2026.01.22 01:00:00;VETO;authorization denied: outside session window (server hour 01, window 07-16)
2026.01.22 01:15:00;VETO;authorization denied: outside session window (server hour 01, window 07-16)
2026.01.22 01:30:00;VETO;authorization denied: outside session window (server hour 01, window 07-16)
2026.01.22 06:15:00;VETO;signal rejected: volume: relVol 0.97 < 1.00
2026.01.22 10:45:00;VETO;signal rejected: volume: relVol 0.92 < 1.00
2026.01.22 11:30:00;DECISION;setup LONG score=0.70 entry=1.34 inv=1.34 tgt=0.00 AWAIT-RETEST [CHoCH long lvl=1.34|RelVol=1.11|Retest@1.34|VPnear|VWAPside|CycleTurn w=-0.93<--0.97]
2026.01.22 11:30:00;DECISION;TP capped 0.00603 -> 0.00452 (3.0xATR)
2026.01.22 11:30:00;ERROR;limit BUY 0.30 @ 1.34 sl=1.34 tp=1.35 rc=10015 [WT|CHOCH|0.70|RL]
2026.01.22 11:45:00;DECISION;TP capped 0.00654 -> 0.00490 (3.0xATR)
2026.01.22 11:45:00;ORDER;filled BUY 0.28 lots sl=1.34 tp=1.35 [WT|CHOCH|0.70]
2026.01.22 11:45:00;RISK;sizing: vol_ratio=0.94 scalar=1.00 gap_buf=0.00042 eff_stop=0.00369
2026.01.22 11:45:00;ORDER;entry fill deal #23 BUY 0.28 @ 1.34421
2026.01.22 13:15:00;VETO;outlier bar masked, z=5.4
2026.01.22 13:16:40;RISK;deal closed pnl=-91.56 streak=1 lock=0
2026.01.22 13:30:00;VETO;outlier bar masked, z=4.3
2026.01.22 15:45:00;VETO;outlier bar masked, z=5.1
2026.01.22 16:45:00;VETO;signal rejected: volume: relVol 0.99 < 1.00
2026.01.22 23:30:00;VETO;signal rejected: volume: relVol 0.82 < 1.00
2026.01.23 00:15:00;VETO;outlier bar masked, z=5.1
2026.01.23 04:30:00;VETO;signal rejected: volume: relVol 0.66 < 1.00
2026.01.23 09:00:00;DECISION;setup SHORT score=0.85 entry=1.35 inv=1.35 tgt=0.00 AWAIT-RETEST [BOS short lvl=1.35|RelVol=1.14|Retest@1.35|VPnode d=0.00|VWAPside|CycleTurn w=-0.77<--0.05]
2026.01.23 09:00:00;DECISION;TP capped 0.00273 -> 0.00204 (3.0xATR)
2026.01.23 09:00:00;ORDER;limit SELL 0.64 @ 1.35 sl=1.35 tp=1.35 rc=10009 [WT|BOS|0.85|RL]
2026.01.23 09:00:00;RISK;sizing: vol_ratio=0.54 scalar=1.00 gap_buf=0.00023 eff_stop=0.00159
2026.01.23 09:00:40;ORDER;entry fill deal #25 SELL 0.64 @ 1.34872
2026.01.23 09:43:40;RISK;deal closed pnl=-87.04 streak=1 lock=0
2026.01.23 09:45:00;VETO;outlier bar masked, z=4.4
2026.01.23 11:45:00;VETO;signal rejected: score 0.50 < 0.55 [CHoCH long lvl=1.35|RelVol=1.55|Retest@1.35|VPnear|VWAPside]
2026.01.23 17:00:00;VETO;signal rejected: volume: relVol 0.81 < 1.00
2026.01.23 18:45:00;VETO;outlier bar masked, z=3.5
2026.01.23 19:45:00;VETO;outlier bar masked, z=4.6
2026.01.23 22:00:00;DECISION;setup LONG score=0.75 entry=1.36 inv=1.36 tgt=0.00 [BOS long lvl=1.36|RelVol=1.60|VPnode d=0.00|VWAPside|ADX=67]
2026.01.23 22:00:00;VETO;authorization denied: outside session window (server hour 22, window 07-16)
2026.01.23 22:15:00;VETO;authorization denied: outside session window (server hour 22, window 07-16)
2026.01.23 22:30:00;VETO;authorization denied: outside session window (server hour 22, window 07-16)
2026.01.23 22:45:00;VETO;authorization denied: outside session window (server hour 22, window 07-16)
2026.01.26 04:15:00;DECISION;setup LONG score=0.75 entry=1.37 inv=1.36 tgt=0.00 [BOS long lvl=1.37|RelVol=1.63|VPnode d=0.00|VWAPside|ADX=38]
2026.01.26 04:15:00;VETO;authorization denied: outside session window (server hour 04, window 07-16)
2026.01.26 04:30:00;VETO;authorization denied: outside session window (server hour 04, window 07-16)
2026.01.26 04:45:00;VETO;authorization denied: outside session window (server hour 04, window 07-16)
2026.01.26 05:00:00;VETO;authorization denied: outside session window (server hour 05, window 07-16)
2026.01.26 09:30:00;DECISION;setup LONG score=0.85 entry=1.37 inv=1.37 tgt=0.00 [BOS long lvl=1.37|RelVol=1.49|VPnode d=0.00|VWAPside|CycleTurn w=-0.99<--1.00]
2026.01.26 09:30:00;DECISION;TP capped 0.00390 -> 0.00293 (3.0xATR)
2026.01.26 09:30:00;ORDER;filled BUY 0.42 lots sl=1.37 tp=1.37 [WT|BOS|0.85]
2026.01.26 09:30:00;RISK;sizing: vol_ratio=0.88 scalar=1.00 gap_buf=0.00048 eff_stop=0.00243
2026.01.26 09:30:00;ORDER;entry fill deal #27 BUY 0.42 @ 1.36724
2026.01.26 09:39:20;RISK;deal closed pnl=-81.90 streak=1 lock=0
2026.01.26 09:45:00;VETO;outlier bar masked, z=3.6
2026.01.26 10:00:00;DECISION;setup SHORT score=0.65 entry=1.37 inv=1.37 tgt=0.00 AWAIT-RETEST [CHoCH short lvl=1.37|RelVol=1.40|Retest@1.37|VPnode d=0.00|VWAPside]
2026.01.26 10:00:00;DECISION;TP capped 0.00371 -> 0.00283 (3.0xATR)
2026.01.26 10:00:00;ORDER;limit SELL 0.42 @ 1.37 sl=1.37 tp=1.36 rc=10009 [WT|CHOCH|0.65|RL]
2026.01.26 10:00:00;RISK;sizing: vol_ratio=0.92 scalar=1.00 gap_buf=0.00051 eff_stop=0.00237
2026.01.26 10:00:40;ORDER;entry fill deal #29 SELL 0.42 @ 1.36505
2026.01.26 11:03:40;RISK;deal closed pnl=-78.12 streak=2 lock=0
2026.01.26 16:30:00;VETO;signal rejected: volume: relVol 0.84 < 1.00
2026.01.26 21:15:00;DECISION;setup SHORT score=0.55 entry=1.37 inv=1.37 tgt=0.00 AWAIT-RETEST [CHoCH short lvl=1.37|RelVol=1.31|Retest@1.37|VPnode d=0.00]
2026.01.26 22:00:00;VETO;authorization denied: outside session window (server hour 22, window 07-16)
2026.01.26 22:15:00;VETO;authorization denied: outside session window (server hour 22, window 07-16)
2026.01.26 22:30:00;VETO;authorization denied: outside session window (server hour 22, window 07-16)
2026.01.26 22:45:00;VETO;authorization denied: outside session window (server hour 22, window 07-16)
2026.01.27 00:15:00;VETO;signal rejected: volume: relVol 0.33 < 1.00
2026.01.27 02:15:00;DECISION;setup LONG score=0.65 entry=1.37 inv=1.37 tgt=0.00 AWAIT-RETEST [CHoCH long lvl=1.37|RelVol=1.25|Retest@1.37|VPnode d=0.00|VWAPside]
2026.01.27 02:30:00;VETO;authorization denied: outside session window (server hour 02, window 07-16)
2026.01.27 02:45:00;VETO;authorization denied: outside session window (server hour 02, window 07-16)
2026.01.27 03:00:00;DECISION;setup SHORT score=0.85 entry=1.37 inv=1.37 tgt=0.00 AWAIT-RETEST [CHoCH short lvl=1.37|RelVol=1.15|Retest@1.37|StopFloored|VPnode d=0.00|VWAPside|CycleTurn w=0.14<-0.91]
2026.01.27 03:15:00;VETO;authorization denied: outside session window (server hour 03, window 07-16)
2026.01.27 03:30:00;VETO;authorization denied: outside session window (server hour 03, window 07-16)
2026.01.27 03:45:00;VETO;authorization denied: outside session window (server hour 03, window 07-16)
2026.01.27 04:00:00;VETO;authorization denied: outside session window (server hour 04, window 07-16)
2026.01.27 04:15:00;VETO;signal rejected: volume: relVol 0.99 < 1.00
2026.01.27 10:00:00;VETO;outlier bar masked, z=3.7
2026.01.27 10:15:00;DECISION;setup SHORT score=0.85 entry=1.37 inv=1.37 tgt=0.00 AWAIT-RETEST [CHoCH short lvl=1.37|RelVol=1.07|Retest@1.37|VPnode d=0.00|VWAPside|CycleTurn w=0.26<-0.94]
2026.01.27 10:15:00;DECISION;TP capped 0.00419 -> 0.00314 (3.0xATR)
2026.01.27 10:15:00;ERROR;limit SELL 0.40 @ 1.37 sl=1.37 tp=1.36 rc=10015 [WT|CHOCH|0.85|RL]
2026.01.27 10:30:00;DECISION;TP capped 0.00392 -> 0.00294 (3.0xATR)
2026.01.27 10:30:00;ORDER;filled SELL 0.42 lots sl=1.37 tp=1.36 [WT|CHOCH|0.85]
2026.01.27 10:30:00;RISK;sizing: vol_ratio=0.96 scalar=1.00 gap_buf=0.00040 eff_stop=0.00236
2026.01.27 10:30:00;ORDER;entry fill deal #31 SELL 0.42 @ 1.36708
2026.01.27 11:52:40;RISK;deal closed pnl=-82.32 streak=1 lock=0
2026.01.27 12:00:00;VETO;outlier bar masked, z=5.5
2026.01.27 14:30:00;VETO;outlier bar masked, z=4.3
2026.01.27 16:45:00;VETO;outlier bar masked, z=6.9
2026.01.27 17:45:00;VETO;outlier bar masked, z=6.0
2026.01.27 18:45:00;VETO;outlier bar masked, z=5.0
2026.01.27 19:45:00;VETO;outlier bar masked, z=3.9
2026.01.27 22:30:00;DECISION;setup LONG score=0.60 entry=1.38 inv=1.38 tgt=0.00 [BOS long lvl=1.38|RelVol=1.50|VWAPside|CycleTurn w=-0.99<--1.00]
2026.01.27 22:30:00;VETO;authorization denied: outside session window (server hour 22, window 07-16)
2026.01.27 22:45:00;VETO;authorization denied: outside session window (server hour 22, window 07-16)
2026.01.27 23:00:00;VETO;outlier bar masked, z=20.4
2026.01.27 23:15:00;VETO;authorization denied: outside session window (server hour 23, window 07-16)
2026.01.27 23:30:00;VETO;authorization denied: outside session window (server hour 23, window 07-16)
2026.01.28 00:15:00;VETO;outlier bar masked, z=3.7
2026.01.28 02:15:00;DECISION;setup SHORT score=0.65 entry=1.38 inv=1.38 tgt=0.00 AWAIT-RETEST [CHoCH short lvl=1.38|RelVol=1.62|Retest@1.38|VPnode d=0.00|VWAPside]
2026.01.28 02:30:00;VETO;authorization denied: outside session window (server hour 02, window 07-16)
2026.01.28 02:45:00;VETO;authorization denied: outside session window (server hour 02, window 07-16)
2026.01.28 03:00:00;VETO;authorization denied: outside session window (server hour 03, window 07-16)
2026.01.28 03:15:00;VETO;authorization denied: outside session window (server hour 03, window 07-16)
2026.01.28 09:15:00;DECISION;setup LONG score=0.65 entry=1.38 inv=1.38 tgt=0.00 AWAIT-RETEST [CHoCH long lvl=1.38|RelVol=1.47|Retest@1.38|VPnode d=0.00|VWAPside]
2026.01.28 09:15:00;DECISION;TP capped 0.00483 -> 0.00362 (3.0xATR)
2026.01.28 09:15:00;ORDER;limit BUY 0.34 @ 1.38 sl=1.38 tp=1.38 rc=10009 [WT|CHOCH|0.65|RL]
2026.01.28 09:15:00;RISK;sizing: vol_ratio=0.72 scalar=1.00 gap_buf=0.00045 eff_stop=0.00286
2026.01.28 09:28:40;ORDER;entry fill deal #33 BUY 0.34 @ 1.38127
2026.01.28 10:47:40;RISK;deal closed pnl=-81.94 streak=1 lock=0
2026.01.28 11:00:00;DECISION;setup SHORT score=0.65 entry=1.38 inv=1.38 tgt=0.00 AWAIT-RETEST [CHoCH short lvl=1.38|RelVol=1.96|Retest@1.38|VPnode d=0.00|VWAPside]
2026.01.28 11:00:00;DECISION;TP capped 0.00839 -> 0.00630 (3.0xATR)
2026.01.28 11:00:00;ORDER;limit SELL 0.20 @ 1.38 sl=1.38 tp=1.37 rc=10009 [WT|CHOCH|0.65|RL]
2026.01.28 11:00:00;RISK;sizing: vol_ratio=1.02 scalar=1.00 gap_buf=0.00065 eff_stop=0.00485
2026.01.28 11:00:40;ORDER;entry fill deal #35 SELL 0.20 @ 1.37891
2026.01.28 14:00:00;DECISION;setup SHORT score=0.65 entry=1.38 inv=1.38 tgt=0.00 [BOS short lvl=1.38|RelVol=1.16|VPnode d=0.00|VWAPside]
2026.01.28 14:00:00;DECISION;TP capped 0.00604 -> 0.00453 (3.0xATR)
2026.01.28 14:00:00;VETO;risk veto: max positions
2026.01.28 16:45:00;DECISION;setup LONG score=0.85 entry=1.38 inv=1.38 tgt=0.00 AWAIT-RETEST [CHoCH long lvl=1.38|RelVol=1.09|Retest@1.38|VPnode d=0.00|VWAPside|CycleTurn w=0.49<-0.05]
2026.01.28 17:00:00;VETO;authorization denied: outside session window (server hour 17, window 07-16)
2026.01.28 17:15:00;VETO;outlier bar masked, z=6.4
2026.01.28 17:30:00;VETO;authorization denied: outside session window (server hour 17, window 07-16)
2026.01.28 17:45:00;VETO;authorization denied: outside session window (server hour 17, window 07-16)
2026.01.28 18:00:00;VETO;authorization denied: outside session window (server hour 18, window 07-16)
2026.01.28 21:15:00;VETO;outlier bar masked, z=3.9
2026.01.28 22:00:00;DECISION;setup LONG score=0.65 entry=1.38 inv=1.38 tgt=0.00 AWAIT-RETEST [CHoCH long lvl=1.38|RelVol=2.73|Retest@1.38|VPnode d=0.00|VWAPside]
2026.01.28 22:15:00;VETO;authorization denied: outside session window (server hour 22, window 07-16)
2026.01.28 22:30:00;VETO;authorization denied: outside session window (server hour 22, window 07-16)
2026.01.28 22:45:00;VETO;authorization denied: outside session window (server hour 22, window 07-16)
2026.01.28 23:00:00;VETO;authorization denied: outside session window (server hour 23, window 07-16)
2026.01.29 01:30:00;VETO;signal rejected: score 0.50 < 0.55 [BOS long lvl=1.38|RelVol=1.69|VPnear|VWAPside]
2026.01.29 02:33:40;RISK;deal closed pnl=-85.32 streak=1 lock=0
2026.01.29 07:00:00;VETO;signal rejected: score 0.50 < 0.55 [BOS long lvl=1.38|RelVol=1.60|VWAPside|ADX=38]
2026.01.29 11:00:00;VETO;signal rejected: score 0.50 < 0.55 [CHoCH short lvl=1.38|RelVol=1.64|Retest@1.38|VPnear|VWAPside]
2026.01.29 17:15:00;VETO;outlier bar masked, z=6.8
2026.01.29 17:30:00;VETO;outlier bar masked, z=5.6
2026.01.29 17:45:00;VETO;outlier bar masked, z=3.8
2026.01.29 23:30:00;VETO;signal rejected: score 0.50 < 0.55 [CHoCH long lvl=1.38|RelVol=1.52|Retest@1.38|VPnear|VWAPside]
2026.01.30 02:30:00;VETO;outlier bar masked, z=3.8
2026.01.30 04:30:00;VETO;outlier bar masked, z=6.8
2026.01.30 07:45:00;DECISION;setup SHORT score=0.65 entry=1.37 inv=1.38 tgt=0.00 [BOS short lvl=1.37|RelVol=1.49|VPnode d=0.00|VWAPside]
2026.01.30 07:45:00;DECISION;TP capped 0.00414 -> 0.00327 (3.0xATR)
2026.01.30 07:45:00;ORDER;filled SELL 0.36 lots sl=1.38 tp=1.37 [WT|BOS|0.65]
2026.01.30 07:45:00;RISK;sizing: vol_ratio=1.08 scalar=1.00 gap_buf=0.00064 eff_stop=0.00271
2026.01.30 07:45:00;ORDER;entry fill deal #37 SELL 0.36 @ 1.37469
2026.01.30 09:51:40;RISK;deal closed pnl=-74.52 streak=1 lock=0
2026.01.30 10:00:00;DECISION;setup LONG score=0.65 entry=1.38 inv=1.37 tgt=0.00 AWAIT-RETEST [CHoCH long lvl=1.38|RelVol=1.48|Retest@1.38|VPnode d=0.00|VWAPside]
2026.01.30 10:00:00;DECISION;TP capped 0.00538 -> 0.00404 (3.0xATR)
2026.01.30 10:00:00;ORDER;limit BUY 0.30 @ 1.38 sl=1.37 tp=1.38 rc=10009 [WT|CHOCH|0.65|RL]
2026.01.30 10:00:00;RISK;sizing: vol_ratio=0.88 scalar=1.00 gap_buf=0.00054 eff_stop=0.00323
2026.01.30 10:27:40;ORDER;entry fill deal #39 BUY 0.30 @ 1.37667
2026.01.30 11:44:40;RISK;deal closed pnl=-80.70 streak=2 lock=0
2026.01.30 12:00:00;DECISION;setup SHORT score=0.85 entry=1.37 inv=1.38 tgt=0.00 AWAIT-RETEST [CHoCH short lvl=1.37|RelVol=1.78|Retest@1.37|VPnode d=0.00|VWAPside|CycleTurn w=-0.49<-0.54]
2026.01.30 12:00:00;DECISION;TP capped 0.00937 -> 0.00703 (3.0xATR)
2026.01.30 12:00:00;ORDER;limit SELL 0.18 @ 1.37 sl=1.38 tp=1.37 rc=10009 [WT|CHOCH|0.85|RL]
2026.01.30 12:00:00;RISK;sizing: vol_ratio=1.08 scalar=1.00 gap_buf=0.00067 eff_stop=0.00535
2026.01.30 12:00:40;ORDER;entry fill deal #41 SELL 0.18 @ 1.37365
2026.01.30 14:00:40;RISK;deal closed pnl=-84.24 streak=3 lock=2
2026.01.30 14:15:00;VETO;signal rejected: score 0.50 < 0.55 [CHoCH long lvl=1.38|RelVol=1.37|Retest@1.38|VPnear|VWAPside]
2026.01.30 17:15:00;DECISION;setup SHORT score=0.65 entry=1.37 inv=1.38 tgt=0.00 AWAIT-RETEST [CHoCH short lvl=1.37|RelVol=1.37|Retest@1.37|VPnode d=0.00|VWAPside]
2026.01.30 17:30:00;VETO;authorization denied: global lock (LOSS_STREAK)
2026.01.30 17:45:00;VETO;authorization denied: global lock (LOSS_STREAK)
2026.01.30 18:00:00;VETO;authorization denied: global lock (LOSS_STREAK)
2026.01.30 18:15:00;VETO;authorization denied: global lock (LOSS_STREAK)
2026.01.30 19:15:00;VETO;outlier bar masked, z=3.7
2026.01.30 23:30:00;VETO;signal rejected: score 0.50 < 0.55 [BOS short lvl=1.37|RelVol=2.18|VWAPside|ADX=52]
2026.02.02 01:15:00;DECISION;setup SHORT score=0.75 entry=1.37 inv=1.37 tgt=0.00 AWAIT-RETEST [BOS short lvl=1.37|RelVol=1.94|Retest@1.37|VPnode d=0.00|VWAPside|ADX=44]
2026.02.02 01:30:00;VETO;authorization denied: outside session window (server hour 01, window 07-16)
2026.02.02 01:45:00;VETO;authorization denied: outside session window (server hour 01, window 07-16)
2026.02.02 02:00:00;VETO;authorization denied: outside session window (server hour 02, window 07-16)
2026.02.02 02:15:00;VETO;outlier bar masked, z=3.9
2026.02.02 02:30:00;VETO;authorization denied: outside session window (server hour 02, window 07-16)
2026.02.02 07:30:00;DECISION;setup SHORT score=0.65 entry=1.37 inv=1.37 tgt=0.00 [BOS short lvl=1.37|RelVol=1.85|VPnode d=0.00|VWAPside]
2026.02.02 07:30:00;DECISION;TP capped 0.00558 -> 0.00418 (3.0xATR)
2026.02.02 07:30:00;ORDER;filled SELL 0.29 lots sl=1.37 tp=1.36 [WT|BOS|0.65]
2026.02.02 07:30:00;RISK;sizing: vol_ratio=0.73 scalar=1.00 gap_buf=0.00045 eff_stop=0.00324
2026.02.02 07:30:00;ORDER;entry fill deal #43 SELL 0.29 @ 1.36722
2026.02.02 09:00:20;RISK;FLATTEN ALL: total drawdown hard stop
2026.02.02 09:00:20;RISK;TOTAL DD LOCK - manual clear of global variables required to resume
2026.02.02 09:00:20;RISK;deal closed pnl=-14.50 streak=1 lock=3
