campaign,symbol,period,config,model,trades,net_profit,profit_factor,expectancy,win_rate,avg_win,avg_loss,max_dd,equity_dd,recovery,sharpe,deals,runtime_s,error
backfill-2026-07-15,XAUUSD,2026.01.01-2026.07.08,A0_baseline_v16_like,1,135,813.04,1.14,6.02,71 (52.59%),92.66,-90.10,1 153.07 (9.64%),,0.67,1.74,,,
backfill-2026-07-15,XAUUSD,2026.01.01-2026.07.08,A1_full_v20,1,68,405.89,1.29,5.97,47 (69.12%),37.92,-65.54,391.55 (3.84%),,0.94,4.10,,,
backfill-2026-07-15,XAUUSD,2026.01.01-2026.07.08,B1_no_exit_mgmt,1,48,326.07,1.23,6.79,27 (56.25%),64.20,-67.02,351.91 (3.45%),,0.73,2.98,,,
backfill-2026-07-15,XAUUSD,2026.01.01-2026.07.08,B2_no_adaptive_sizing,1,72,863.63,1.46,11.99,51 (70.83%),53.75,-89.40,476.99 (4.48%),,1.51,5.61,,,
backfill-2026-07-15,XAUUSD,2026.01.01-2026.07.08,B3_no_retest,1,62,-41.56,0.97,-0.67,39 (62.90%),37.54,-65.46,820.43 (8.16%),,-0.05,-0.40,,,
backfill-2026-07-15,XAUUSD,2026.01.01-2026.07.08,B4_no_adx_gate,1,104,976.94,1.48,9.39,73 (70.19%),41.19,-65.49,309.38 (2.94%),,2.43,6.07,,,
backfill-2026-07-15,XAUUSD,2026.01.01-2026.07.08,B5_no_relvol,1,122,-297.66,0.90,-2.44,75 (61.48%),36.89,-65.21,452.94 (4.46%),,-0.62,-1.84,,,
backfill-2026-07-15,XAUUSD,2026.01.01-2026.07.08,B6_no_outlier_mask,1,92,556.78,1.28,6.05,62 (67.39%),41.18,-66.55,372.15 (3.59%),,1.44,3.90,,,
backfill-2026-07-15,XAUUSD,2026.01.01-2026.07.08,B7_wide_session,1,119,502.92,1.20,4.23,79 (66.39%),38.91,-64.28,547.03 (5.39%),,0.85,2.53,,,
backfill-2026-07-15,XAUUSD,2026.01.01-2026.07.08,C1_retest_limit,1,66,520.67,1.37,7.89,45 (68.18%),42.84,-67.02,326.61 (3.20%),,1.51,5.11,,,
backfill-2026-07-15,XAUUSD,2026.01.01-2026.07.08,C2_m1_close,1,49,281.10,1.25,5.74,31 (63.27%),45.66,-63.02,331.89 (3.23%),,0.70,3.09,,,
backfill-2026-07-15,XAUUSD,2026.01.01-2026.07.08,C3_stop_orders,1,90,172.58,1.09,1.92,59 (65.56%),37.30,-65.43,443.88 (4.44%),,0.35,1.33,,,
backfill-2026-07-15,XAUUSD,2026.01.01-2026.07.08,D1_early_lock,1,77,78.18,1.08,1.02,63 (81.82%),16.36,-68.03,259.23 (2.55%),,0.25,1.65,,,
backfill-2026-07-15,XAUUSD,2026.01.01-2026.07.08,D2_soft_lock,1,61,37.73,1.04,0.62,47 (77.05%),21.07,-68.03,410.10 (4.02%),,0.09,0.73,,,
backfill-2026-07-15,XAUUSD,2026.01.01-2026.07.08,D3_be_only,1,52,71.15,1.07,1.37,38 (73.08%),26.94,-68.03,441.73 (4.32%),,0.16,1.34,,,
backfill-2026-07-15,XAUUSD,2026.01.01-2026.07.08,D4_flatten,1,68,374.54,1.28,5.51,47 (69.12%),36.47,-63.78,391.55 (3.84%),,0.87,3.87,,,
backfill-2026-07-15,XAUUSD,2026.01.01-2026.07.08,E1_silver_D1,1,77,78.09,1.08,1.01,63 (81.82%),16.36,-68.03,259.32 (2.55%),,0.25,1.64,,,
2026-07-16 07:36:27,XAUUSD,2026.01.01-2026.07.08,A2_tuned,1,106,893.38,1.44,8.43,72 (67.92%),40.48,-59.45,309.38 (2.94%),416.40 (4.09%),2.15,5.34,180,6497,
2026-07-16 07:36:27,XAUUSD,2026.01.01-2026.07.08,A3_tuned_nogap,1,110,1 018.10,1.37,9.26,76 (69.09%),49.31,-80.27,452.12 (4.18%),537.57 (4.94%),1.89,4.52,186,9439,
2026-07-16 OOS,XAUUSD,2025.07.01-2025.12.31,A2_tuned,4,147,1647.33,1.54,11.21,108 (73.47%),43.44,-78.05,550.17 (4.77%),655.74 (5.67%),2.51,5.65,240,10238,
2026-07-16 xsym,EURUSD,2025.07.01-2025.12.31,A2_tuned,4,45,-181.68,0.85,-4.04,29 (64.44%),36.73,-77.93,414.60 (4.15%),466.00 (4.64%),-0.39,-1.95,76,10289,CAVEAT: InpProfileBin=0.20 gold-scaled - volume profile degenerate on EURUSD; retest with 0.0002 as E2
2026-07-17 model4-primary,XAUUSD,2026.01.01-2026.07.08,A2_tuned,4,106,794.23,1.39,7.49,70 (66.04%),,,314.45 (3.00%),,,4.80,,,confirms model-1 sweep (+893.38/1.44) was not a fill-model artifact - model-4 real-tick primary window run, re-run after report-filename-collision fix
2026-07-17 07:10:48,XAGUSD,2026.01.01-2026.07.08,A2_tuned,4,51,406.94,1.39,7.98,32 (62.75%),45.32,-54.92,362.90 (3.58%),402.05 (3.96%),1.01,6.42,93,13725,
2026-07-17 11:00:55,EURUSD,2025.07.01-2025.12.31,E2_eurusd,4,110,324.67,1.12,2.95,76 (69.09%),40.42,-80.81,432.24 (4.32%),531.48 (5.29%),0.61,1.23,184,15610,
2026-07-17 E2retest,EURUSD,2025.07.01-2025.12.31,E2_eurusd,4,110,324.67,1.12,2.95,76 (69.09%),40.42,-80.81,432.24 (4.32%),531.48 (5.29%),,1.23,,,InpProfileBin fixed to 0.0002 (was 0.20 gold-scaled contamination) - flips PF 0.85->1.12 but still below 1.15 win gate; confirms bug not genuine failure, EURUSD remains secondary/informational not a deploy target
2026-07-17 xsym,XAGUSD,2026.01.01-2026.07.08,A2_tuned,4,51,406.94,1.39,7.98,32 (62.75%),45.32,-54.92,362.90 (3.58%),402.05 (3.96%),,6.42,,,matches XAUUSD same-window PF 1.39 almost exactly; n=51 just clears the 50-trade floor; strong cross-symbol pass, InpProfileBin=0.20 not degenerate at silver's price scale
2026-07-20 06:25:40,GBPUSD,2026.01.01-2026.07.08,G0_baseline,1,98,75.41,1.03,0.77,65 (66.33%),41.55,-79.55,707.85 (6.76%),798.97 (7.60%),0.09,0.32,168,15236,
2026-07-20 10:50:06,GBPUSD,2026.01.01-2026.07.08,G0_raw_bin,1,0,0,0.00,0.00,0 (0.00%),0,0,0 (0%),0 (0%),0.00,0.00,0,28426,
2026-07-20 20:00:32,GBPUSD,2026.01.01-2026.07.08,G0_raw_bin,1,50,-369.39,0.76,-7.39,29 (58.00%),40.74,-73.85,621.65 (6.09%),682.23 (6.66%),-0.54,-3.64,88,8757,
2026-07-20 20:00:32,GBPUSD,2026.01.01-2026.07.08,G5_session_london,1,24,-443.17,0.57,-18.47,11 (45.83%),52.74,-78.71,1 023.29 (9.67%),1 063.38 (10.01%),-0.42,-5.00,43,6409,
2026-07-20 20:00:32,GBPUSD,2026.01.01-2026.07.08,G6_session_ny,1,73,-529.28,0.78,-7.25,42 (57.53%),43.91,-76.56,986.19 (9.43%),1 052.33 (10.00%),-0.50,-2.40,128,6367,
2026-07-20 20:00:32,GBPUSD,2026.01.01-2026.07.08,G1_adx_gate_on,1,81,-280.17,0.88,-3.46,51 (62.96%),39.57,-76.60,603.67 (5.87%),690.25 (6.68%),-0.41,-1.37,140,6763,
2026-07-20 20:00:32,GBPUSD,2026.01.01-2026.07.08,G2_vol_scaling_on,1,98,127.77,1.06,1.30,65 (66.33%),35.15,-65.36,565.99 (5.45%),640.24 (6.14%),0.20,0.65,168,6540,
2026-07-20 20:00:32,GBPUSD,2026.01.01-2026.07.08,G3_no_retest_limit,1,95,-204.65,0.92,-2.15,60 (63.16%),40.00,-74.42,777.51 (7.55%),844.66 (8.18%),-0.24,-0.90,164,8906,
2026-07-20 20:00:32,GBPUSD,2026.01.01-2026.07.08,G4_no_friday_flatten,1,99,123.29,1.04,1.25,66 (66.67%),44.43,-85.13,708.22 (6.70%),818.44 (7.71%),0.15,0.44,166,4907,
2026-07-21 09:31:29,XAGUSD,2026.01.01-2026.07.08,S0_baseline,1,50,444.29,1.43,8.89,31 (62.00%),47.96,-54.87,362.40 (3.58%),404.70 (3.99%),1.10,6.40,92,11062,
2026-07-21 09:31:29,XAGUSD,2026.01.01-2026.07.08,S1_adx_gate_on,1,37,407.34,1.57,11.01,24 (64.86%),46.89,-55.22,337.00 (3.33%),372.90 (3.69%),1.09,8.00,67,5864,
2026-07-21 09:31:29,XAGUSD,2026.01.01-2026.07.08,S2_vol_scaling_on,1,48,287.09,1.28,5.98,29 (60.42%),45.85,-54.87,362.40 (3.58%),404.70 (3.99%),0.71,4.48,88,5796,
2026-07-21 09:31:29,XAGUSD,2026.01.01-2026.07.08,S3_no_retest_limit,1,50,305.22,1.25,6.10,30 (60.00%),50.16,-59.99,375.10 (3.70%),444.20 (4.36%),0.69,3.93,92,8579,
2026-07-21 09:31:29,XAGUSD,2026.01.01-2026.07.08,S4_no_friday_flatten,1,50,371.13,1.33,7.42,31 (62.00%),47.96,-58.72,362.40 (3.58%),404.70 (3.99%),0.92,5.03,92,7126,
2026-07-21 20:12:02,EURUSD,2025.07.01-2025.12.31,E3_adx_gate_on,1,81,488.26,1.23,6.03,56 (69.14%),46.04,-83.61,480.77 (4.55%),581.98 (5.49%),0.84,2.46,136,6973,
2026-07-21 20:12:02,EURUSD,2025.07.01-2025.12.31,E4_vol_scaling_on,1,109,505.06,1.22,4.63,75 (68.81%),37.49,-67.84,323.94 (3.14%),407.60 (3.94%),1.24,2.23,183,9795,
2026-07-21 20:12:02,EURUSD,2025.07.01-2025.12.31,E5_no_retest_limit,1,103,532.67,1.21,5.17,72 (69.90%),41.87,-80.05,429.65 (4.30%),541.92 (5.38%),0.98,2.16,172,10005,
2026-07-21 20:12:02,EURUSD,2025.07.01-2025.12.31,E6_no_friday_flatten,1,,,,,,,,,,,,,94,no report - see terminal log tail above
2026-07-21 20:12:02,EURUSD,2025.07.01-2025.12.31,E7_session_london,1,,,,,,,,,,,,,110,no report - see terminal log tail above
2026-07-21 20:12:02,EURUSD,2025.07.01-2025.12.31,E8_session_ny,1,,,,,,,,,,,,,108,no report - see terminal log tail above
2026-07-22 07:25:41,EURUSD,2025.07.01-2025.12.31,E6_no_friday_flatten,1,116,712.00,1.25,6.14,81 (69.83%),43.96,-81.40,392.69 (3.92%),499.58 (4.96%),1.43,2.56,192,11053,
2026-07-22 10:30:25,EURUSD,2025.07.01-2025.12.31,E7_session_london,1,98,-828.16,0.75,-8.45,57 (58.16%),43.06,-80.07,1 013.65 (9.95%),1 028.07 (10.08%),-0.81,-5.00,168,7116,
2026-07-22 12:30:08,EURUSD,2025.07.01-2025.12.31,E8_session_ny,1,99,606.54,1.24,6.13,69 (69.70%),45.52,-84.49,257.38 (2.43%),325.03 (3.07%),1.87,2.45,167,11451,
2026-07-22 16:41:23,EURUSD,2025.07.01-2025.12.31,E9_eur_tuned,1,78,836.00,1.60,10.72,57 (73.08%),39.22,-66.64,433.59 (3.96%),491.79 (4.47%),1.70,5.29,128,12597,
2026-07-22 20:11:26,XAGUSD,2026.01.01-2026.07.08,S5_silver_tuned,1,37,407.34,1.57,11.01,24 (64.86%),46.89,-55.22,337.00 (3.33%),372.90 (3.69%),1.09,8.00,67,14001,
2026-07-23 00:04:58,GBPUSD,2026.01.01-2026.07.08,G7_gbp_tuned,1,98,127.77,1.06,1.30,65 (66.33%),35.15,-65.36,565.99 (5.45%),640.24 (6.14%),0.20,0.65,168,11045,
2026-07-23 05:48:55,EURUSD,2025.07.01-2025.12.31,E9_eur_tuned,4,79,739.17,1.53,9.36,58 (73.42%),36.91,-66.75,447.94 (4.12%),503.92 (4.61%),1.47,4.63,129,8581,
2026-07-23 08:12:15,EURUSD,2026.01.01-2026.07.08,E9_eur_tuned,4,70,-335.25,0.81,-4.79,44 (62.86%),33.42,-69.46,582.25 (5.73%),653.54 (6.43%),-0.51,-3.17,118,10646,
